connection_id,bitbucket_id,repo_id,number,state,title,bitbucket_created_at,bitbucket_updated_at,closed_at,comment_count,commits,merged_at,body,type,component,merge_commit_sha,head_ref,base_ref,base_commit_sha,head_commit_sha,url,author_name,author_id,_raw_data_params,_raw_data_table,_raw_data_id,_raw_data_remark
1,1,panjf2000/ants,0,OPEN,feat: add pr test,2022-07-12T04:17:03.055+00:00,2022-07-18T05:39:20.730+00:00,,2,0,,,pullrequest,,,test,master,c0e12b61e44b,5e5bccfcc656,https://bitbucket.org/panjf2000/ants/pull-requests/1,teoiaoe,62abf394192edb006fa0e8cf,"{""ConnectionId"":1,""Owner"":""panjf2000"",""Repo"":""ants""}",_raw_bitbucket_api_pull_requests,171,
1,2,panjf2000/ants,0,MERGED,feat: add git.sh,2022-08-12T13:18:39.132+00:00,2022-08-12T15:03:37.272+00:00,,0,0,,,pullrequest,,983edbf06740,vowehwo,master,0bd83caaf9c7,d4a6789a3751,https://bitbucket.org/panjf2000/ants/pull-requests/2,teoiaoe,62abf394192edb006fa0e8cf,"{""ConnectionId"":1,""Owner"":""panjf2000"",""Repo"":""ants""}",_raw_bitbucket_api_pull_requests,169,
1,3,panjf2000/ants,0,MERGED,Test9,2022-08-12T14:53:19.796+00:00,2022-08-12T15:03:37.475+00:00,,0,0,,,pullrequest,,983edbf06740,test9,master,0bd83caaf9c7,6557208f4aa6,https://bitbucket.org/panjf2000/ants/pull-requests/3,teoiaoe,62abf394192edb006fa0e8cf,"{""ConnectionId"":1,""Owner"":""panjf2000"",""Repo"":""ants""}",_raw_bitbucket_api_pull_requests,168,
1,4,panjf2000/ants,0,MERGED,Test001,2022-08-12T14:53:43.845+00:00,2022-08-12T15:03:37.622+00:00,,0,0,,,pullrequest,,983edbf06740,test001,master,0bd83caaf9c7,3bd3b34b2397,https://bitbucket.org/panjf2000/ants/pull-requests/4,teoiaoe,62abf394192edb006fa0e8cf,"{""ConnectionId"":1,""Owner"":""panjf2000"",""Repo"":""ants""}",_raw_bitbucket_api_pull_requests,167,
1,5,panjf2000/ants,0,MERGED,Test002,2022-08-12T14:53:59.654+00:00,2022-08-12T15:03:37.766+00:00,,0,0,,,pullrequest,,983edbf06740,test002,master,0bd83caaf9c7,904df6924f1e,https://bitbucket.org/panjf2000/ants/pull-requests/5,teoiaoe,62abf394192edb006fa0e8cf,"{""ConnectionId"":1,""Owner"":""panjf2000"",""Repo"":""ants""}",_raw_bitbucket_api_pull_requests,166,
1,6,panjf2000/ants,0,MERGED,Test003,2022-08-12T14:54:20.308+00:00,2022-08-12T15:03:37.916+00:00,,0,0,,,pullrequest,,983edbf06740,test003,master,0bd83caaf9c7,494b97e9d0b2,https://bitbucket.org/panjf2000/ants/pull-requests/6,teoiaoe,62abf394192edb006fa0e8cf,"{""ConnectionId"":1,""Owner"":""panjf2000"",""Repo"":""ants""}",_raw_bitbucket_api_pull_requests,165,
1,7,panjf2000/ants,0,MERGED,Test004,2022-08-12T14:54:40.056+00:00,2022-08-12T15:03:38.066+00:00,,0,0,,,pullrequest,,983edbf06740,test004,master,0bd83caaf9c7,db921ce6537c,https://bitbucket.org/panjf2000/ants/pull-requests/7,teoiaoe,62abf394192edb006fa0e8cf,"{""ConnectionId"":1,""Owner"":""panjf2000"",""Repo"":""ants""}",_raw_bitbucket_api_pull_requests,164,
1,8,panjf2000/ants,0,MERGED,Test005,2022-08-12T14:54:56.506+00:00,2022-08-12T15:03:38.297+00:00,,0,0,,,pullrequest,,983edbf06740,test005,master,0bd83caaf9c7,8a224cc0eaae,https://bitbucket.org/panjf2000/ants/pull-requests/8,teoiaoe,62abf394192edb006fa0e8cf,"{""ConnectionId"":1,""Owner"":""panjf2000"",""Repo"":""ants""}",_raw_bitbucket_api_pull_requests,163,
1,9,panjf2000/ants,0,MERGED,Test006,2022-08-12T14:55:13.971+00:00,2022-08-12T15:03:38.479+00:00,,0,0,,,pullrequest,,983edbf06740,test006,master,0bd83caaf9c7,8a8f44b997a8,https://bitbucket.org/panjf2000/ants/pull-requests/9,teoiaoe,62abf394192edb006fa0e8cf,"{""ConnectionId"":1,""Owner"":""panjf2000"",""Repo"":""ants""}",_raw_bitbucket_api_pull_requests,162,
1,10,panjf2000/ants,0,MERGED,Test007,2022-08-12T14:55:28.082+00:00,2022-08-12T15:03:38.628+00:00,,0,0,,,pullrequest,,983edbf06740,test007,master,0bd83caaf9c7,15a1fcb51f0e,https://bitbucket.org/panjf2000/ants/pull-requests/10,teoiaoe,62abf394192edb006fa0e8cf,"{""ConnectionId"":1,""Owner"":""panjf2000"",""Repo"":""ants""}",_raw_bitbucket_api_pull_requests,161,
1,11,panjf2000/ants,0,MERGED,Test6,2022-08-12T14:55:48.770+00:00,2022-08-12T15:03:38.774+00:00,,0,0,,,pullrequest,,983edbf06740,test6,master,0bd83caaf9c7,bc9a3ddd47ea,https://bitbucket.org/panjf2000/ants/pull-requests/11,teoiaoe,62abf394192edb006fa0e8cf,"{""ConnectionId"":1,""Owner"":""panjf2000"",""Repo"":""ants""}",_raw_bitbucket_api_pull_requests,160,
1,12,panjf2000/ants,0,MERGED,Test7,2022-08-12T14:56:07.092+00:00,2022-08-12T15:03:38.926+00:00,,0,0,,,pullrequest,,983edbf06740,test7,master,0bd83caaf9c7,dd2cd76d7098,https://bitbucket.org/panjf2000/ants/pull-requests/12,teoiaoe,62abf394192edb006fa0e8cf,"{""ConnectionId"":1,""Owner"":""panjf2000"",""Repo"":""ants""}",_raw_bitbucket_api_pull_requests,159,
1,13,panjf2000/ants,0,MERGED,Test8,2022-08-12T14:56:30.570+00:00,2022-08-12T15:03:39.074+00:00,,0,0,,,pullrequest,,983edbf06740,test8,master,0bd83caaf9c7,94056215cf46,https://bitbucket.org/panjf2000/ants/pull-requests/13,teoiaoe,62abf394192edb006fa0e8cf,"{""ConnectionId"":1,""Owner"":""panjf2000"",""Repo"":""ants""}",_raw_bitbucket_api_pull_requests,158,
1,14,panjf2000/ants,0,MERGED,Test10,2022-08-12T14:56:52.550+00:00,2022-08-12T15:03:39.228+00:00,,0,0,,,pullrequest,,983edbf06740,test10,master,0bd83caaf9c7,bc2cf25142e3,https://bitbucket.org/panjf2000/ants/pull-requests/14,teoiaoe,62abf394192edb006fa0e8cf,"{""ConnectionId"":1,""Owner"":""panjf2000"",""Repo"":""ants""}",_raw_bitbucket_api_pull_requests,157,
1,15,panjf2000/ants,0,MERGED,Test011,2022-08-12T14:57:15.254+00:00,2022-08-12T15:03:39.381+00:00,,0,0,,,pullrequest,,983edbf06740,test011,master,0bd83caaf9c7,5db6b1a9e60c,https://bitbucket.org/panjf2000/ants/pull-requests/15,teoiaoe,62abf394192edb006fa0e8cf,"{""ConnectionId"":1,""Owner"":""panjf2000"",""Repo"":""ants""}",_raw_bitbucket_api_pull_requests,156,
1,16,panjf2000/ants,0,MERGED,Test12,2022-08-12T14:57:41.230+00:00,2022-08-12T15:03:36.526+00:00,,0,0,,,pullrequest,,983edbf06740,test12,master,0bd83caaf9c7,d1321cb5e4fb,https://bitbucket.org/panjf2000/ants/pull-requests/16,teoiaoe,62abf394192edb006fa0e8cf,"{""ConnectionId"":1,""Owner"":""panjf2000"",""Repo"":""ants""}",_raw_bitbucket_api_pull_requests,170,
1,17,panjf2000/ants,0,MERGED,Test13,2022-08-12T14:57:59.501+00:00,2022-08-12T15:10:43.032+00:00,,0,0,,,pullrequest,,c0e12b61e44b,test13,master,983edbf06740,3d6d96659c4d,https://bitbucket.org/panjf2000/ants/pull-requests/17,teoiaoe,62abf394192edb006fa0e8cf,"{""ConnectionId"":1,""Owner"":""panjf2000"",""Repo"":""ants""}",_raw_bitbucket_api_pull_requests,151,
1,18,panjf2000/ants,0,MERGED,Test14,2022-08-12T14:58:16.105+00:00,2022-08-12T15:10:43.206+00:00,,0,0,,,pullrequest,,c0e12b61e44b,test14,master,983edbf06740,8d4896eef3ed,https://bitbucket.org/panjf2000/ants/pull-requests/18,teoiaoe,62abf394192edb006fa0e8cf,"{""ConnectionId"":1,""Owner"":""panjf2000"",""Repo"":""ants""}",_raw_bitbucket_api_pull_requests,150,
1,19,panjf2000/ants,0,MERGED,Test15,2022-08-12T14:58:33.361+00:00,2022-08-12T15:10:43.322+00:00,,0,0,,,pullrequest,,c0e12b61e44b,test15,master,983edbf06740,daa1cfa7ec0c,https://bitbucket.org/panjf2000/ants/pull-requests/19,teoiaoe,62abf394192edb006fa0e8cf,"{""ConnectionId"":1,""Owner"":""panjf2000"",""Repo"":""ants""}",_raw_bitbucket_api_pull_requests,149,
1,20,panjf2000/ants,0,MERGED,Test16,2022-08-12T14:59:07.791+00:00,2022-08-12T15:10:43.437+00:00,,0,0,,,pullrequest,,c0e12b61e44b,test16,master,983edbf06740,11f6c86580e2,https://bitbucket.org/panjf2000/ants/pull-requests/20,teoiaoe,62abf394192edb006fa0e8cf,"{""ConnectionId"":1,""Owner"":""panjf2000"",""Repo"":""ants""}",_raw_bitbucket_api_pull_requests,148,
1,21,panjf2000/ants,0,MERGED,Test18,2022-08-12T14:59:22.874+00:00,2022-08-12T15:10:43.562+00:00,,0,0,,,pullrequest,,c0e12b61e44b,test18,master,983edbf06740,0b958bbfed04,https://bitbucket.org/panjf2000/ants/pull-requests/21,teoiaoe,62abf394192edb006fa0e8cf,"{""ConnectionId"":1,""Owner"":""panjf2000"",""Repo"":""ants""}",_raw_bitbucket_api_pull_requests,147,
1,22,panjf2000/ants,0,MERGED,Test19,2022-08-12T14:59:39.610+00:00,2022-08-12T15:10:43.684+00:00,,0,0,,,pullrequest,,c0e12b61e44b,test19,master,983edbf06740,d1bb3677810e,https://bitbucket.org/panjf2000/ants/pull-requests/22,teoiaoe,62abf394192edb006fa0e8cf,"{""ConnectionId"":1,""Owner"":""panjf2000"",""Repo"":""ants""}",_raw_bitbucket_api_pull_requests,146,
1,23,panjf2000/ants,0,MERGED,Test20,2022-08-12T14:59:57.869+00:00,2022-08-12T15:10:43.807+00:00,,0,0,,,pullrequest,,c0e12b61e44b,test20,master,983edbf06740,9d16a2368acd,https://bitbucket.org/panjf2000/ants/pull-requests/23,teoiaoe,62abf394192edb006fa0e8cf,"{""ConnectionId"":1,""Owner"":""panjf2000"",""Repo"":""ants""}",_raw_bitbucket_api_pull_requests,145,
1,24,panjf2000/ants,0,MERGED,Test17,2022-08-12T15:00:34.399+00:00,2022-08-12T15:10:43.931+00:00,,0,0,,,pullrequest,,c0e12b61e44b,test17,master,983edbf06740,2bfd29a17665,https://bitbucket.org/panjf2000/ants/pull-requests/24,teoiaoe,62abf394192edb006fa0e8cf,"{""ConnectionId"":1,""Owner"":""panjf2000"",""Repo"":""ants""}",_raw_bitbucket_api_pull_requests,144,
1,25,panjf2000/ants,0,MERGED,1,2022-08-12T15:00:59.503+00:00,2022-08-12T15:03:40.499+00:00,,0,0,,,pullrequest,,983edbf06740,1,master,0bd83caaf9c7,592612c47ff5,https://bitbucket.org/panjf2000/ants/pull-requests/25,teoiaoe,62abf394192edb006fa0e8cf,"{""ConnectionId"":1,""Owner"":""panjf2000"",""Repo"":""ants""}",_raw_bitbucket_api_pull_requests,155,
1,26,panjf2000/ants,0,MERGED,2,2022-08-12T15:01:18.980+00:00,2022-08-12T15:03:40.646+00:00,,0,0,,,pullrequest,,983edbf06740,2,master,0bd83caaf9c7,05b97cf92b4b,https://bitbucket.org/panjf2000/ants/pull-requests/26,teoiaoe,62abf394192edb006fa0e8cf,"{""ConnectionId"":1,""Owner"":""panjf2000"",""Repo"":""ants""}",_raw_bitbucket_api_pull_requests,154,
1,27,panjf2000/ants,0,MERGED,4,2022-08-12T15:02:16.840+00:00,2022-08-12T15:03:40.792+00:00,,0,0,,,pullrequest,,983edbf06740,4,master,0bd83caaf9c7,761fdb9244ef,https://bitbucket.org/panjf2000/ants/pull-requests/27,teoiaoe,62abf394192edb006fa0e8cf,"{""ConnectionId"":1,""Owner"":""panjf2000"",""Repo"":""ants""}",_raw_bitbucket_api_pull_requests,153,
1,28,panjf2000/ants,0,MERGED,mergev1,2022-08-12T15:10:16.367+00:00,2022-08-12T15:10:42.415+00:00,,0,0,,,pullrequest,,c0e12b61e44b,mergev1,master,983edbf06740,581a89006076,https://bitbucket.org/panjf2000/ants/pull-requests/28,teoiaoe,62abf394192edb006fa0e8cf,"{""ConnectionId"":1,""Owner"":""panjf2000"",""Repo"":""ants""}",_raw_bitbucket_api_pull_requests,152,
1,29,panjf2000/ants,0,OPEN,Test03,2022-08-12T15:21:47.437+00:00,2022-08-12T15:29:13.392+00:00,,0,0,,,pullrequest,,,test03,master,c0e12b61e44b,a3768d182d18,https://bitbucket.org/panjf2000/ants/pull-requests/29,teoiaoe,62abf394192edb006fa0e8cf,"{""ConnectionId"":1,""Owner"":""panjf2000"",""Repo"":""ants""}",_raw_bitbucket_api_pull_requests,132,
1,30,panjf2000/ants,0,OPEN,Test05,2022-08-12T15:22:17.954+00:00,2022-08-12T15:22:18.488+00:00,,0,0,,,pullrequest,,,test05,master,c0e12b61e44b,91e7a1db9ae0,https://bitbucket.org/panjf2000/ants/pull-requests/30,teoiaoe,62abf394192edb006fa0e8cf,"{""ConnectionId"":1,""Owner"":""panjf2000"",""Repo"":""ants""}",_raw_bitbucket_api_pull_requests,143,
1,31,panjf2000/ants,0,OPEN,Test020,2022-08-12T15:22:51.303+00:00,2022-08-12T15:40:12.401+00:00,,3,0,,,pullrequest,,,test020,master,c0e12b61e44b,0342bf5351f8,https://bitbucket.org/panjf2000/ants/pull-requests/31,teoiaoe,62abf394192edb006fa0e8cf,"{""ConnectionId"":1,""Owner"":""panjf2000"",""Repo"":""ants""}",_raw_bitbucket_api_pull_requests,118,
1,32,panjf2000/ants,0,OPEN,Test022,2022-08-12T15:23:06.858+00:00,2022-08-12T15:23:07.539+00:00,,0,0,,,pullrequest,,,test022,master,c0e12b61e44b,d72c46a722d7,https://bitbucket.org/panjf2000/ants/pull-requests/32,teoiaoe,62abf394192edb006fa0e8cf,"{""ConnectionId"":1,""Owner"":""panjf2000"",""Repo"":""ants""}",_raw_bitbucket_api_pull_requests,142,
1,33,panjf2000/ants,0,OPEN,Test023,2022-08-12T15:23:27.568+00:00,2022-08-12T15:23:28.341+00:00,,0,0,,,pullrequest,,,test023,master,c0e12b61e44b,0a8011c8c0ac,https://bitbucket.org/panjf2000/ants/pull-requests/33,teoiaoe,62abf394192edb006fa0e8cf,"{""ConnectionId"":1,""Owner"":""panjf2000"",""Repo"":""ants""}",_raw_bitbucket_api_pull_requests,141,
1,34,panjf2000/ants,0,OPEN,Test024,2022-08-12T15:23:42.883+00:00,2022-08-12T15:23:43.529+00:00,,0,0,,,pullrequest,,,test024,master,c0e12b61e44b,bd7e81a581f1,https://bitbucket.org/panjf2000/ants/pull-requests/34,teoiaoe,62abf394192edb006fa0e8cf,"{""ConnectionId"":1,""Owner"":""panjf2000"",""Repo"":""ants""}",_raw_bitbucket_api_pull_requests,140,
1,35,panjf2000/ants,0,OPEN,Test025,2022-08-12T15:23:58.227+00:00,2022-08-12T15:23:59.023+00:00,,0,0,,,pullrequest,,,test025,master,c0e12b61e44b,a15cb5876414,https://bitbucket.org/panjf2000/ants/pull-requests/35,teoiaoe,62abf394192edb006fa0e8cf,"{""ConnectionId"":1,""Owner"":""panjf2000"",""Repo"":""ants""}",_raw_bitbucket_api_pull_requests,139,
1,36,panjf2000/ants,0,OPEN,Test027,2022-08-12T15:24:16.607+00:00,2022-08-12T15:24:17.311+00:00,,0,0,,,pullrequest,,,test027,master,c0e12b61e44b,200665f463ff,https://bitbucket.org/panjf2000/ants/pull-requests/36,teoiaoe,62abf394192edb006fa0e8cf,"{""ConnectionId"":1,""Owner"":""panjf2000"",""Repo"":""ants""}",_raw_bitbucket_api_pull_requests,138,
1,37,panjf2000/ants,0,OPEN,Test028,2022-08-12T15:24:44.626+00:00,2022-08-12T15:24:45.191+00:00,,0,0,,,pullrequest,,,test028,master,c0e12b61e44b,8a9052ac97f4,https://bitbucket.org/panjf2000/ants/pull-requests/37,teoiaoe,62abf394192edb006fa0e8cf,"{""ConnectionId"":1,""Owner"":""panjf2000"",""Repo"":""ants""}",_raw_bitbucket_api_pull_requests,137,
1,38,panjf2000/ants,0,OPEN,Test029,2022-08-12T15:24:59.520+00:00,2022-08-12T15:38:31.111+00:00,,2,0,,,pullrequest,,,test029,master,c0e12b61e44b,74bddc0541c6,https://bitbucket.org/panjf2000/ants/pull-requests/38,teoiaoe,62abf394192edb006fa0e8cf,"{""ConnectionId"":1,""Owner"":""panjf2000"",""Repo"":""ants""}",_raw_bitbucket_api_pull_requests,121,
1,39,panjf2000/ants,0,OPEN,Test030,2022-08-12T15:25:14.361+00:00,2022-08-12T15:25:15.090+00:00,,0,0,,,pullrequest,,,test030,master,c0e12b61e44b,f332a9855de1,https://bitbucket.org/panjf2000/ants/pull-requests/39,teoiaoe,62abf394192edb006fa0e8cf,"{""ConnectionId"":1,""Owner"":""panjf2000"",""Repo"":""ants""}",_raw_bitbucket_api_pull_requests,136,
1,40,panjf2000/ants,0,OPEN,Test016,2022-08-12T15:25:31.596+00:00,2022-08-14T07:38:28.303+00:00,,2,0,,,pullrequest,,,test016,master,c0e12b61e44b,a000a2a9fc11,https://bitbucket.org/panjf2000/ants/pull-requests/40,teoiaoe,62abf394192edb006fa0e8cf,"{""ConnectionId"":1,""Owner"":""panjf2000"",""Repo"":""ants""}",_raw_bitbucket_api_pull_requests,115,
1,41,panjf2000/ants,0,OPEN,Test018,2022-08-12T15:25:57.607+00:00,2022-08-12T15:39:41.750+00:00,,1,0,,,pullrequest,,,test018,master,c0e12b61e44b,561e4e3ca4cc,https://bitbucket.org/panjf2000/ants/pull-requests/41,teoiaoe,62abf394192edb006fa0e8cf,"{""ConnectionId"":1,""Owner"":""panjf2000"",""Repo"":""ants""}",_raw_bitbucket_api_pull_requests,119,
1,42,panjf2000/ants,0,OPEN,Test019,2022-08-12T15:26:15.843+00:00,2022-08-14T07:37:37.798+00:00,,4,0,,,pullrequest,,,test019,master,c0e12b61e44b,8597a99eebb3,https://bitbucket.org/panjf2000/ants/pull-requests/42,teoiaoe,62abf394192edb006fa0e8cf,"{""ConnectionId"":1,""Owner"":""panjf2000"",""Repo"":""ants""}",_raw_bitbucket_api_pull_requests,117,
1,43,panjf2000/ants,0,OPEN,Test015,2022-08-12T15:26:50.905+00:00,2022-08-12T15:27:32.304+00:00,,0,0,,,pullrequest,,,test015,master,c0e12b61e44b,5af2c361263a,https://bitbucket.org/panjf2000/ants/pull-requests/43,teoiaoe,62abf394192edb006fa0e8cf,"{""ConnectionId"":1,""Owner"":""panjf2000"",""Repo"":""ants""}",_raw_bitbucket_api_pull_requests,135,
1,44,panjf2000/ants,0,OPEN,Test017,2022-08-12T15:27:54.969+00:00,2022-08-12T15:39:15.632+00:00,,2,0,,,pullrequest,,,test017,master,c0e12b61e44b,ee87b0380472,https://bitbucket.org/panjf2000/ants/pull-requests/44,teoiaoe,62abf394192edb006fa0e8cf,"{""ConnectionId"":1,""Owner"":""panjf2000"",""Repo"":""ants""}",_raw_bitbucket_api_pull_requests,120,
1,45,panjf2000/ants,0,OPEN,feat: add test01,2022-08-12T15:28:43.059+00:00,2022-08-12T15:28:43.627+00:00,,0,0,,,pullrequest,,,test01,master,c0e12b61e44b,63e6acbb60a9,https://bitbucket.org/panjf2000/ants/pull-requests/45,teoiaoe,62abf394192edb006fa0e8cf,"{""ConnectionId"":1,""Owner"":""panjf2000"",""Repo"":""ants""}",_raw_bitbucket_api_pull_requests,134,
1,46,panjf2000/ants,0,OPEN,Test04,2022-08-12T15:28:57.787+00:00,2022-08-12T15:28:58.392+00:00,,0,0,,,pullrequest,,,test04,master,c0e12b61e44b,33419e166d75,https://bitbucket.org/panjf2000/ants/pull-requests/46,teoiaoe,62abf394192edb006fa0e8cf,"{""ConnectionId"":1,""Owner"":""panjf2000"",""Repo"":""ants""}",_raw_bitbucket_api_pull_requests,133,
1,47,panjf2000/ants,0,OPEN,Test06,2022-08-12T15:29:31.360+00:00,2022-08-12T15:29:31.922+00:00,,0,0,,,pullrequest,,,test06,master,c0e12b61e44b,f8f9ef467e3a,https://bitbucket.org/panjf2000/ants/pull-requests/47,teoiaoe,62abf394192edb006fa0e8cf,"{""ConnectionId"":1,""Owner"":""panjf2000"",""Repo"":""ants""}",_raw_bitbucket_api_pull_requests,131,
1,48,panjf2000/ants,0,OPEN,Test07,2022-08-12T15:29:49.045+00:00,2022-08-12T15:29:49.646+00:00,,0,0,,,pullrequest,,,test07,master,c0e12b61e44b,c28f34dde568,https://bitbucket.org/panjf2000/ants/pull-requests/48,teoiaoe,62abf394192edb006fa0e8cf,"{""ConnectionId"":1,""Owner"":""panjf2000"",""Repo"":""ants""}",_raw_bitbucket_api_pull_requests,130,
1,49,panjf2000/ants,0,OPEN,Test08,2022-08-12T15:30:04.329+00:00,2022-08-12T15:30:04.827+00:00,,0,0,,,pullrequest,,,test08,master,c0e12b61e44b,6b59c8607581,https://bitbucket.org/panjf2000/ants/pull-requests/49,teoiaoe,62abf394192edb006fa0e8cf,"{""ConnectionId"":1,""Owner"":""panjf2000"",""Repo"":""ants""}",_raw_bitbucket_api_pull_requests,129,
1,50,panjf2000/ants,0,OPEN,Bitbuckettest12,2022-08-12T15:32:46.725+00:00,2022-08-12T15:32:47.488+00:00,,0,0,,,pullrequest,,,bitbuckettest12,master,c0e12b61e44b,deff6927812f,https://bitbucket.org/panjf2000/ants/pull-requests/50,teoiaoe,62abf394192edb006fa0e8cf,"{""ConnectionId"":1,""Owner"":""panjf2000"",""Repo"":""ants""}",_raw_bitbucket_api_pull_requests,128,
1,51,panjf2000/ants,0,OPEN,Bitbuckettest15,2022-08-12T15:32:59.604+00:00,2022-08-12T15:37:40.769+00:00,,2,0,,,pullrequest,,,bitbuckettest15,master,c0e12b61e44b,5c2c9af70da2,https://bitbucket.org/panjf2000/ants/pull-requests/51,teoiaoe,62abf394192edb006fa0e8cf,"{""ConnectionId"":1,""Owner"":""panjf2000"",""Repo"":""ants""}",_raw_bitbucket_api_pull_requests,122,
1,52,panjf2000/ants,0,OPEN,Bitbuckettest16,2022-08-12T15:33:13.806+00:00,2022-08-12T15:33:14.346+00:00,,0,0,,,pullrequest,,,bitbuckettest16,master,c0e12b61e44b,7c91d40ffaa3,https://bitbucket.org/panjf2000/ants/pull-requests/52,teoiaoe,62abf394192edb006fa0e8cf,"{""ConnectionId"":1,""Owner"":""panjf2000"",""Repo"":""ants""}",_raw_bitbucket_api_pull_requests,127,
1,53,panjf2000/ants,0,OPEN,Bitbuckettest17,2022-08-12T15:33:29.075+00:00,2022-08-12T15:34:20.065+00:00,,0,0,,,pullrequest,,,bitbuckettest17,master,c0e12b61e44b,765ab2594451,https://bitbucket.org/panjf2000/ants/pull-requests/53,teoiaoe,62abf394192edb006fa0e8cf,"{""ConnectionId"":1,""Owner"":""panjf2000"",""Repo"":""ants""}",_raw_bitbucket_api_pull_requests,125,
1,54,panjf2000/ants,0,OPEN,Bitbuckettest19,2022-08-12T15:33:43.689+00:00,2022-08-14T07:38:08.195+00:00,,4,0,,,pullrequest,,,bitbuckettest19,master,c0e12b61e44b,2493b9212fd4,https://bitbucket.org/panjf2000/ants/pull-requests/54,teoiaoe,62abf394192edb006fa0e8cf,"{""ConnectionId"":1,""Owner"":""panjf2000"",""Repo"":""ants""}",_raw_bitbucket_api_pull_requests,116,
1,55,panjf2000/ants,0,OPEN,Bitbuckettest13,2022-08-12T15:34:03.617+00:00,2022-08-12T15:34:04.159+00:00,,0,0,,,pullrequest,,,bitbuckettest13,master,c0e12b61e44b,9dd8c98115ca,https://bitbucket.org/panjf2000/ants/pull-requests/55,teoiaoe,62abf394192edb006fa0e8cf,"{""ConnectionId"":1,""Owner"":""panjf2000"",""Repo"":""ants""}",_raw_bitbucket_api_pull_requests,126,
1,56,panjf2000/ants,0,OPEN,Bitbuckettest25,2022-08-12T15:34:37.513+00:00,2022-08-12T15:35:11.960+00:00,,0,0,,,pullrequest,,,bitbuckettest25,master,c0e12b61e44b,d69faf8c90c4,https://bitbucket.org/panjf2000/ants/pull-requests/56,teoiaoe,62abf394192edb006fa0e8cf,"{""ConnectionId"":1,""Owner"":""panjf2000"",""Repo"":""ants""}",_raw_bitbucket_api_pull_requests,124,
1,57,panjf2000/ants,0,OPEN,Bitbuckettest22,2022-08-12T15:34:55.738+00:00,2022-08-12T15:37:21.558+00:00,,2,0,,,pullrequest,,,bitbuckettest22,master,c0e12b61e44b,2c23b3babf27,https://bitbucket.org/panjf2000/ants/pull-requests/57,teoiaoe,62abf394192edb006fa0e8cf,"{""ConnectionId"":1,""Owner"":""panjf2000"",""Repo"":""ants""}",_raw_bitbucket_api_pull_requests,123,
