connection_id,bitbucket_id,repo_id,number,state,title,body,priority,type,author_id,author_name,assignee_id,assignee_name,milestone_id,lead_time_minutes,url,closed_at,bitbucket_created_at,bitbucket_updated_at,severity,component,_raw_data_params,_raw_data_table,_raw_data_id,_raw_data_remark
1,1,panjf2000/ants,1,new,issue test,bitbucket issues test for devants,major,issue,62abf394192edb006fa0e8cf,teoiaoe,62abf394192edb006fa0e8cf,teoiaoe,0,0,https://api.bitbucket.org/2.0/repositories/panjf2000/ants/issues/1,,2022-07-17T07:15:55.959+00:00,2022-07-17T09:11:42.656+00:00,,,"{""ConnectionId"":1,""Owner"":""panjf2000"",""Repo"":""ants""}",_raw_bitbucket_api_issues,60,
1,2,panjf2000/ants,2,new,add bitbucket issue,feafejo,major,issue,62abf394192edb006fa0e8cf,teoiaoe,,,0,0,https://api.bitbucket.org/2.0/repositories/panjf2000/ants/issues/2,,2022-07-28T06:40:08.187+00:00,2022-07-28T06:40:08.187+00:00,,,"{""ConnectionId"":1,""Owner"":""panjf2000"",""Repo"":""ants""}",_raw_bitbucket_api_issues,59,
1,3,panjf2000/ants,3,new,bitbucket test,"efaegjeoaijefioaegrjoeior,af enfaoiee vioea.,,.wew",major,issue,62abf394192edb006fa0e8cf,teoiaoe,,,0,0,https://api.bitbucket.org/2.0/repositories/panjf2000/ants/issues/3,,2022-07-28T06:41:23.334+00:00,2022-07-28T06:41:23.334+00:00,,,"{""ConnectionId"":1,""Owner"":""panjf2000"",""Repo"":""ants""}",_raw_bitbucket_api_issues,58,
1,4,panjf2000/ants,4,new,issue test001,Bitbucket issue test001,major,issue,62abf394192edb006fa0e8cf,teoiaoe,,,0,0,https://api.bitbucket.org/2.0/repositories/panjf2000/ants/issues/4,,2022-08-12T13:39:52.109+00:00,2022-08-12T13:39:52.109+00:00,,,"{""ConnectionId"":1,""Owner"":""panjf2000"",""Repo"":""ants""}",_raw_bitbucket_api_issues,57,
1,5,panjf2000/ants,5,new,issue test002,issue test002,major,issue,62abf394192edb006fa0e8cf,teoiaoe,,,0,0,https://api.bitbucket.org/2.0/repositories/panjf2000/ants/issues/5,,2022-08-12T13:40:32.843+00:00,2022-08-12T13:40:32.843+00:00,,,"{""ConnectionId"":1,""Owner"":""panjf2000"",""Repo"":""ants""}",_raw_bitbucket_api_issues,56,
1,6,panjf2000/ants,6,new,issue test003,issue test 003,major,issue,62abf394192edb006fa0e8cf,teoiaoe,62abf394192edb006fa0e8cf,teoiaoe,0,0,https://api.bitbucket.org/2.0/repositories/panjf2000/ants/issues/6,,2022-08-12T13:40:55.635+00:00,2022-08-12T13:51:25.769+00:00,,,"{""ConnectionId"":1,""Owner"":""panjf2000"",""Repo"":""ants""}",_raw_bitbucket_api_issues,37,
1,7,panjf2000/ants,7,new,issue test004,issue test004,major,issue,62abf394192edb006fa0e8cf,teoiaoe,,,0,0,https://api.bitbucket.org/2.0/repositories/panjf2000/ants/issues/7,,2022-08-12T13:41:21.859+00:00,2022-08-12T13:41:21.859+00:00,,,"{""ConnectionId"":1,""Owner"":""panjf2000"",""Repo"":""ants""}",_raw_bitbucket_api_issues,55,
1,8,panjf2000/ants,8,new,issue test005,issue test005,critical,issue,62abf394192edb006fa0e8cf,teoiaoe,,,0,0,https://api.bitbucket.org/2.0/repositories/panjf2000/ants/issues/8,,2022-08-12T13:41:58.511+00:00,2022-08-12T13:41:58.511+00:00,,,"{""ConnectionId"":1,""Owner"":""panjf2000"",""Repo"":""ants""}",_raw_bitbucket_api_issues,54,
1,9,panjf2000/ants,9,new,issue test006,issue test006,blocker,issue,62abf394192edb006fa0e8cf,teoiaoe,62abf394192edb006fa0e8cf,teoiaoe,0,0,https://api.bitbucket.org/2.0/repositories/panjf2000/ants/issues/9,,2022-08-12T13:42:29.072+00:00,2022-08-12T13:42:29.072+00:00,,,"{""ConnectionId"":1,""Owner"":""panjf2000"",""Repo"":""ants""}",_raw_bitbucket_api_issues,53,
1,10,panjf2000/ants,10,new,issue test007,issue test007,trivial,issue,62abf394192edb006fa0e8cf,teoiaoe,62abf394192edb006fa0e8cf,teoiaoe,0,0,https://api.bitbucket.org/2.0/repositories/panjf2000/ants/issues/10,,2022-08-12T13:43:00.783+00:00,2022-08-12T13:43:00.783+00:00,,,"{""ConnectionId"":1,""Owner"":""panjf2000"",""Repo"":""ants""}",_raw_bitbucket_api_issues,52,
1,11,panjf2000/ants,11,new,issue test008,issue test008,major,issue,62abf394192edb006fa0e8cf,teoiaoe,62abf394192edb006fa0e8cf,teoiaoe,0,0,https://api.bitbucket.org/2.0/repositories/panjf2000/ants/issues/11,,2022-08-12T13:43:26.414+00:00,2022-08-12T13:43:26.414+00:00,,,"{""ConnectionId"":1,""Owner"":""panjf2000"",""Repo"":""ants""}",_raw_bitbucket_api_issues,51,
1,12,panjf2000/ants,12,new,issue test009,issue test009,minor,issue,62abf394192edb006fa0e8cf,teoiaoe,,,0,0,https://api.bitbucket.org/2.0/repositories/panjf2000/ants/issues/12,,2022-08-12T13:44:04.502+00:00,2022-08-12T13:44:04.502+00:00,,,"{""ConnectionId"":1,""Owner"":""panjf2000"",""Repo"":""ants""}",_raw_bitbucket_api_issues,50,
1,13,panjf2000/ants,13,new,issue test010,issue test010,critical,issue,62abf394192edb006fa0e8cf,teoiaoe,,,0,0,https://api.bitbucket.org/2.0/repositories/panjf2000/ants/issues/13,,2022-08-12T13:44:46.508+00:00,2022-08-12T13:44:46.508+00:00,,,"{""ConnectionId"":1,""Owner"":""panjf2000"",""Repo"":""ants""}",_raw_bitbucket_api_issues,49,
1,14,panjf2000/ants,14,new,issue test011,issue test011,blocker,issue,62abf394192edb006fa0e8cf,teoiaoe,62abf394192edb006fa0e8cf,teoiaoe,0,0,https://api.bitbucket.org/2.0/repositories/panjf2000/ants/issues/14,,2022-08-12T13:45:12.810+00:00,2022-08-12T13:45:12.810+00:00,,,"{""ConnectionId"":1,""Owner"":""panjf2000"",""Repo"":""ants""}",_raw_bitbucket_api_issues,48,
1,15,panjf2000/ants,15,new,issue test012,issue test012,minor,issue,62abf394192edb006fa0e8cf,teoiaoe,,,0,0,https://api.bitbucket.org/2.0/repositories/panjf2000/ants/issues/15,,2022-08-12T13:45:41.640+00:00,2022-08-12T13:45:41.640+00:00,,,"{""ConnectionId"":1,""Owner"":""panjf2000"",""Repo"":""ants""}",_raw_bitbucket_api_issues,47,
1,16,panjf2000/ants,16,new,issue test013,issue test013,trivial,issue,62abf394192edb006fa0e8cf,teoiaoe,,,0,0,https://api.bitbucket.org/2.0/repositories/panjf2000/ants/issues/16,,2022-08-12T13:46:06.169+00:00,2022-08-12T13:46:06.169+00:00,,,"{""ConnectionId"":1,""Owner"":""panjf2000"",""Repo"":""ants""}",_raw_bitbucket_api_issues,46,
1,17,panjf2000/ants,17,new,issue test014,issue test014,trivial,issue,62abf394192edb006fa0e8cf,teoiaoe,,,0,0,https://api.bitbucket.org/2.0/repositories/panjf2000/ants/issues/17,,2022-08-12T13:46:39.426+00:00,2022-08-12T13:46:39.426+00:00,,,"{""ConnectionId"":1,""Owner"":""panjf2000"",""Repo"":""ants""}",_raw_bitbucket_api_issues,45,
1,18,panjf2000/ants,18,new,issue test015,issue test015,minor,issue,62abf394192edb006fa0e8cf,teoiaoe,,,0,0,https://api.bitbucket.org/2.0/repositories/panjf2000/ants/issues/18,,2022-08-12T13:47:01.892+00:00,2022-08-12T13:47:01.892+00:00,,,"{""ConnectionId"":1,""Owner"":""panjf2000"",""Repo"":""ants""}",_raw_bitbucket_api_issues,44,
1,19,panjf2000/ants,19,new,issue test016,issue test016,critical,issue,62abf394192edb006fa0e8cf,teoiaoe,62abf394192edb006fa0e8cf,teoiaoe,0,0,https://api.bitbucket.org/2.0/repositories/panjf2000/ants/issues/19,,2022-08-12T13:47:26.928+00:00,2022-08-12T13:47:26.928+00:00,,,"{""ConnectionId"":1,""Owner"":""panjf2000"",""Repo"":""ants""}",_raw_bitbucket_api_issues,43,
1,20,panjf2000/ants,20,new,issue test017,issue test017,blocker,issue,62abf394192edb006fa0e8cf,teoiaoe,62abf394192edb006fa0e8cf,teoiaoe,0,0,https://api.bitbucket.org/2.0/repositories/panjf2000/ants/issues/20,,2022-08-12T13:47:54.126+00:00,2022-08-12T13:47:54.126+00:00,,,"{""ConnectionId"":1,""Owner"":""panjf2000"",""Repo"":""ants""}",_raw_bitbucket_api_issues,42,
1,21,panjf2000/ants,21,new,issue test018,issue test018,trivial,issue,62abf394192edb006fa0e8cf,teoiaoe,,,0,0,https://api.bitbucket.org/2.0/repositories/panjf2000/ants/issues/21,,2022-08-12T13:48:50.020+00:00,2022-08-12T13:48:50.020+00:00,,,"{""ConnectionId"":1,""Owner"":""panjf2000"",""Repo"":""ants""}",_raw_bitbucket_api_issues,41,
1,22,panjf2000/ants,22,new,issue test019,issue test019,minor,issue,62abf394192edb006fa0e8cf,teoiaoe,,,0,0,https://api.bitbucket.org/2.0/repositories/panjf2000/ants/issues/22,,2022-08-12T13:49:23.252+00:00,2022-08-12T13:49:23.252+00:00,,,"{""ConnectionId"":1,""Owner"":""panjf2000"",""Repo"":""ants""}",_raw_bitbucket_api_issues,40,
1,23,panjf2000/ants,23,new,issue test020,issue test020,critical,issue,62abf394192edb006fa0e8cf,teoiaoe,62abf394192edb006fa0e8cf,teoiaoe,0,0,https://api.bitbucket.org/2.0/repositories/panjf2000/ants/issues/23,,2022-08-12T13:49:51.630+00:00,2022-08-12T13:49:51.630+00:00,,,"{""ConnectionId"":1,""Owner"":""panjf2000"",""Repo"":""ants""}",_raw_bitbucket_api_issues,39,
1,24,panjf2000/ants,24,new,issue test021,"issue test021 ijeiawgoeive/faveevaeviaevfejaofejfioejaiofe_veavejiovajgiorejoifjrogiorejieafajejaojoejvgioriovioraivjairobnrnoivaiorjbiorjiojaeiorjvioejroivjaoijeriojiaojioeefjafioejfiojeiofawefwefoiwefiwoiefweefwoefuwhufirfrw._  

```
``eveaeaeae`jiovjeiojoa oi2j3oij23jovnw3
```

‌",trivial,issue,62abf394192edb006fa0e8cf,teoiaoe,62abf394192edb006fa0e8cf,teoiaoe,0,0,https://api.bitbucket.org/2.0/repositories/panjf2000/ants/issues/24,,2022-08-12T13:50:57.290+00:00,2022-08-12T13:50:57.290+00:00,,,"{""ConnectionId"":1,""Owner"":""panjf2000"",""Repo"":""ants""}",_raw_bitbucket_api_issues,38,
1,25,panjf2000/ants,25,new,issue 023,"issue test023 ejoafehoafe

q

```c++
feafefoa
feafoiehfe
rvvgeaioehr
feaofe
```

| **fefae** |  |  |
| --- | --- | --- |
|  |  |  |
|  |  |  |

‌",critical,issue,62abf394192edb006fa0e8cf,teoiaoe,,,0,0,https://api.bitbucket.org/2.0/repositories/panjf2000/ants/issues/25,,2022-08-12T13:53:49.232+00:00,2022-08-12T13:53:49.232+00:00,,,"{""ConnectionId"":1,""Owner"":""panjf2000"",""Repo"":""ants""}",_raw_bitbucket_api_issues,36,
1,26,panjf2000/ants,26,new,issue test022,issue test022,blocker,issue,62abf394192edb006fa0e8cf,teoiaoe,,,0,0,https://api.bitbucket.org/2.0/repositories/panjf2000/ants/issues/26,,2022-08-12T13:54:28.911+00:00,2022-08-12T13:54:28.911+00:00,,,"{""ConnectionId"":1,""Owner"":""panjf2000"",""Repo"":""ants""}",_raw_bitbucket_api_issues,35,
1,27,panjf2000/ants,27,new,issue test024,"issue test024v  aejnoafoeiogoiae

qwofjeoiwjf",trivial,issue,62abf394192edb006fa0e8cf,teoiaoe,,,0,0,https://api.bitbucket.org/2.0/repositories/panjf2000/ants/issues/27,,2022-08-12T13:55:09.734+00:00,2022-08-13T06:20:01.410+00:00,,,"{""ConnectionId"":1,""Owner"":""panjf2000"",""Repo"":""ants""}",_raw_bitbucket_api_issues,31,
1,28,panjf2000/ants,28,new,issue test025,issue test025,minor,issue,62abf394192edb006fa0e8cf,teoiaoe,,,0,0,https://api.bitbucket.org/2.0/repositories/panjf2000/ants/issues/28,,2022-08-12T13:55:32.410+00:00,2022-08-12T13:55:58.035+00:00,,,"{""ConnectionId"":1,""Owner"":""panjf2000"",""Repo"":""ants""}",_raw_bitbucket_api_issues,34,
1,29,panjf2000/ants,29,new,issue test026,issue test026,critical,issue,62abf394192edb006fa0e8cf,teoiaoe,62abf394192edb006fa0e8cf,teoiaoe,0,0,https://api.bitbucket.org/2.0/repositories/panjf2000/ants/issues/29,,2022-08-12T13:56:26.434+00:00,2022-08-12T13:56:26.434+00:00,,,"{""ConnectionId"":1,""Owner"":""panjf2000"",""Repo"":""ants""}",_raw_bitbucket_api_issues,33,
1,30,panjf2000/ants,30,new,issue test027,issue test027,critical,issue,62abf394192edb006fa0e8cf,teoiaoe,62abf394192edb006fa0e8cf,teoiaoe,0,0,https://api.bitbucket.org/2.0/repositories/panjf2000/ants/issues/30,,2022-08-12T13:56:51.480+00:00,2022-08-12T13:56:51.480+00:00,,,"{""ConnectionId"":1,""Owner"":""panjf2000"",""Repo"":""ants""}",_raw_bitbucket_api_issues,32,
